county_name,entity_id,year,revenues_govfunds,revenues_propfunds,total_revenues,vehicle_fines,other_court_fines,forfeitures,delinquent_taxes,total_fines,state_intergov,fed_intergov,ownsource_rev,fines_share,vehicle_fines_share,GEOID,NAME,total_pop,his,nha,nhaian,nhb,nhmixed,nhnh,nhsor,nhw,pnhw,pnhb,phis,papi
Alameda,1,2021,3962049373,289360483,4251409856,2670708,918626,23083698,17427582,44100614,1170122461,779056841,2012870071,0.021909319749630278,0.0013268158926289684,06001,"Alameda County, California",1673133,374542,524980,5248,166017,81275,12699,8642,499730,0.298679184499977,0.09922522596828824,0.22385668084963956,0.3213605852015351
Alameda,1,2020,3463034126,289870816,3752904942,3150365,1178323,12521297,15284160,32134145,1065654894,498892799,1898486433,0.016926191539447254,0.0016594087506971403,06001,"Alameda County, California",1661584,369546,515105,4942,167316,76404,12924,6764,508583,0.3060832314225462,0.10069668460938477,0.22240584887673448,0.31778652177681055
Alameda,1,2019,3333075003,276921503,3609996506,3789527,1421552,10394481,15751553,31357113,1071719342,442527824,1818827837,0.017240286497770377,0.0020834995610417412,06001,"Alameda County, California",1656754,371019,496006,5210,171168,74220,13277,5407,520447,0.314136558595905,0.10331527794711828,0.22394332532168323,0.30739808082551784
Alameda,1,2018,2796406914,261401114,3057808028,3856469,1425338,17557806,14949932,37789545,925186730,458565287,1412654897,0.026750726649694967,0.0027299441697967654,06001,"Alameda County, California",1643700,369061,483067,5288,172329,72395,13192,4977,523391,0.3184224615197421,0.10484212447526921,0.22453063211048244,0.3019157997201436
Alameda,1,2017,2692683202,248724553,2941407755,4154368,1482516,13760538,15127802,34525224,972480792,446021362,1274181048,0.02709601124125337,0.003260422062093016,06001,"Alameda County, California",1629615,367041,468356,5008,175063,71777,13000,4489,524881,0.32208895966225154,0.10742598711965709,0.22523172651209028,0.29538019716313363
Alpine,2,2021,20135835,3245,20139080,106856,34553,,103548,244957,7622495,1791123,10722217,0.02284574169688974,0.009965849413418885,06003,"Alpine County, California",1344,197,10,354,8,45,0,0,730,0.5431547619047619,0.005952380952380952,0.14657738095238096,0.00744047619047619
Alpine,2,2020,22694161,38521,22732682,128688,39082,,22589,190359,8487130,3316637,10890394,0.017479532880077617,0.011816652363541668,06003,"Alpine County, California",1159,183,6,333,10,32,0,0,595,0.5133735979292493,0.008628127696289905,0.15789473684210525,0.005176876617773943
Alpine,2,2019,20980681,104526,21085207,132261,41712,,76787,250760,7888568,1565957,11526156,0.021755735390012073,0.011474857706246558,06003,"Alpine County, California",1039,130,10,314,9,25,0,0,551,0.5303176130895092,0.008662175168431183,0.12512030798845045,0.009624639076034648
Alpine,2,2018,20470009,,,164544,52997,,129654,347195,7823895,1892344,10753770,0.03228588671693741,0.015301052561101827,06003,"Alpine County, California",1146,105,8,294,9,52,0,0,678,0.5916230366492147,0.007853403141361256,0.09162303664921466,0.006980802792321117
Alpine,2,2017,18935581,,,165983,63796,,216289,446068,7356385,1637344,9941852,0.04486769668267039,0.016695380297353048,06003,"Alpine County, California",1203,117,8,248,18,35,0,0,777,0.6458852867830424,0.014962593516209476,0.09725685785536159,0.006650041562759767
Amador,3,2021,109572135,4645264,114217399,21648,539707,,,521721,34860141,17346420,57365574,0.009094670612029438,3.7736918661356023e-4,06005,"Amador County, California",40095,5966,429,257,930,2098,18,316,30081,0.7502431724653947,0.02319491208380097,0.1487966080558673,0.011148522259633371
Amador,3,2020,94593406,4363665,98957071,17920,437312,,,493684,30547157,6637100,57409149,0.008599395890714213,3.1214536902471763e-4,06005,"Amador County, California",39023,5591,352,205,867,1768,30,249,29961,0.7677779770904338,0.022217666504369217,0.14327447915331984,0.009789098736642493
Amador,3,2019,87557255,4385265,91942520,20000,465430,,2000000,2484927,29493662,6622845,51440748,0.048306587610273476,3.887968347583126e-4,06005,"Amador County, California",38429,5340,477,249,848,1418,52,10,30035,0.7815712092430196,0.02206666840146764,0.13895755809414764,0.013765645736292903
Amador,3,2018,73845890,3771168,77617058,21288,495506,,,516794,27781140,8713888,37350862,0.013836200085556258,5.699466855677922e-4,06005,"Amador County, California",37829,5132,466,270,749,1370,69,10,29763,0.7867773401358746,0.019799624626609214,0.1356631155991435,0.014142589019006582
Amador,3,2017,69944405,3528277,73472682,18600,446663,6125,,471388,26646710,7086268,36211427,0.013017658762798826,5.136500144001505e-4,06005,"Amador County, California",37306,4943,565,264,764,1119,79,1,29571,0.7926606980110438,0.020479279472470916,0.13249879375971693,0.01726263871763255
Butte,4,2021,506645865,21976775,528622640,511041,4670468,1899628,3506059,10587196,224201414,137610121,144834330,0.07309866383197962,0.0035284521287183776,06007,"Butte County, California",217884,37982,10617,1451,3897,9968,517,299,153153,0.7029107231370821,0.01788566393126618,0.1743221163554919,0.051100585632722
Butte,4,2020,673925680,42197822,716123502,253308,2662010,217503119,2521089,222939526,215725096,100617817,357582767,0.6234627240859177,7.083898425116219e-4,06007,"Butte County, California",223344,37585,10350,1725,3778,10160,487,335,158924,0.7115660147575041,0.016915610000716383,0.16828300737875207,0.04852156314922272
Butte,4,2019,424150820,37879173,462029993,283749,2956543,1750907,1580826,6572025,191561424,90578461,142010935,0.04627830244199153,0.0019980785282485464,06007,"Butte County, California",225817,36916,10057,1699,3342,10469,476,321,162537,0.7197730905999106,0.014799594361806242,0.163477506122214,0.046643963917685556
Butte,4,2018,404566454,18728359,423294813,277594,2897803,944892,2360343,6480632,178926866,101738890,123900698,0.052305048354126304,0.0022404554976760502,06007,"Butte County, California",227075,36358,9900,1738,3303,10639,341,406,164390,0.7239458328746009,0.014545854893757568,0.16011449961466476,0.045099636683915006
Butte,4,2017,386866841,18313275,405180116,311854,2486983,1104011,2990274,6893122,172366120,100047280,114453441,0.06022642866630808,0.002724723671698084,06007,"Butte County, California",225207,35445,9852,1639,3282,10077,359,369,164184,0.7290359535893645,0.014573259268139977,0.15738853588032345,0.04534050895398456
Calaveras,5,2021,127556992,471497,128028489,189050,272703,72151,1326872,1860776,36632982,28158947,62765063,0.029646684175239336,0.0030120259737491223,06009,"Calaveras County, California",45349,5928,1020,284,439,1717,18,18,35925,0.7921894639352577,0.009680478070078723,0.13071953075040244,0.022889148603056297
Calaveras,5,2020,115061118,491328,115552446,174854,210689,165756,1285169,1836468,38794543,14822682,61443893,0.029888535871254122,0.002845750675335627,06009,"Calaveras County, California",45828,5710,864,271,450,1691,18,44,36780,0.8025661167844985,0.009819324430479183,0.12459631666230252,0.0192458758837392
Calaveras,5,2019,103949216,1989926,105939142,167979,194630,899733,1215043,2477416,37125106,13400005,53424105,0.046372625240984386,0.0031442548265431867,06009,"Calaveras County, California",45514,5489,684,184,315,1931,19,55,36837,0.809355363184954,0.006920947400799754,0.12060025486663445,0.015445796897657864
Calaveras,5,2018,108762561,3012916,111775477,210600,262427,2652,1146790,1796060,34416425,18879817,55466319,0.03238109238869809,0.0037968987990711985,06009,"Calaveras County, California",45235,5297,568,374,299,1614,126,52,36905,0.8158505581960871,0.006609925942301315,0.11709959102464905,0.015342102354371615
Calaveras,5,2017,100186708,3660308,103847016,272570,184673,27915,1389647,2152457,31459511,15681836,53045361,0.040577667102689716,0.005138432369232062,06009,"Calaveras County, California",45057,5166,527,391,258,1519,208,56,36932,0.8196728588232683,0.005726080298288834,0.11465477062387643,0.01631267061721819
Colusa,6,2021,72281113,5344547,77625660,31485,676359,127251,383315,1218410,37599584,7691128,26990401,0.04514234523599705,0.0011665258326469473,06011,"Colusa County, California",21780,13177,144,140,293,579,31,18,7398,0.3396694214876033,0.013452708907254363,0.6050045913682277,0.008034894398530763
Colusa,6,2020,64270629,5514443,69785072,49966,721872,109373,381270,1262481,32855997,4345633,27068999,0.04663936778748265,0.0018458754237642848,06011,"Colusa County, California",21491,12840,160,149,263,512,32,53,7482,0.348145735424131,0.012237680889674748,0.5974594016099762,0.008933972360523009
Colusa,6,2019,60644532,5527096,66171628,40795,661581,136395,301372,1140143,30656157,3980443,26007932,0.04383827979863989,0.0015685599301013245,06011,"Colusa County, California",21454,12738,273,143,256,394,38,36,7576,0.35312762188869207,0.011932506758646407,0.5937354339517107,0.014496131257574344
Colusa,6,2018,55686728,5481239,61167967,39184,590677,113112,300897,1043870,26588623,5129454,23968651,0.0435514706271955,0.0016348020587391423,06011,"Colusa County, California",21464,12655,324,159,277,294,53,30,7672,0.35743570629891913,0.012905329854640327,0.5895918747670518,0.01756429370108088
Colusa,6,2017,51254915,5162628,56417543,53594,765604,166219,559546,1544963,23540187,3794168,23920560,0.06458724210469989,0.002240499386301993,06011,"Colusa County, California",21479,12539,328,230,186,326,16,54,7800,0.36314539783043903,0.008659621025187393,0.5837795055635737,0.01601564318636808
Contra Costa,7,2021,2392906737,1904428810,4297335547,1273935,2681512,2096888,21309075,27361410,736683147,464514724,1191708866,0.022959810722764228,0.001068998508231288,06013,"Contra Costa County, California",1161643,304321,203875,2158,96256,61290,5268,4956,483519,0.416237174415892,0.08286194639833408,0.2619746342034515,0.18004068375568053
Contra Costa,7,2020,2141019444,1668790775,3809810219,1794613,3645294,2434947,1115605,8990459,664489042,349825716,1126704686,0.007979428071713904,0.0015927980262256582,06013,"Contra Costa County, California",1147788,295791,196904,2198,94463,59875,5269,4153,489135,0.42615448148961305,0.08230004147107306,0.25770525567439284,0.17614141287415447
Contra Costa,7,2019,2054921234,1638306095,3693227329,1838830,4110251,2825257,1016996,9791334,679606039,298060165,1077255030,0.009089151340514048,0.0017069588433483573,06013,"Contra Costa County, California",1142251,292298,188237,2278,95892,54000,5297,3657,500592,0.43825043707556394,0.08395002499450646,0.25589647109085484,0.16943211255669727
Contra Costa,7,2018,1638478435,1589916643,3228395078,1934444,3789078,3794741,21265759,30784022,620608435,214221998,803648002,0.03830535498550272,0.002407078715041713,06013,"Contra Costa County, California",1133247,288101,182135,2376,93683,54921,5251,3829,502951,0.4438141023095583,0.08266776792702739,0.2542261307552546,0.16535318425727136
Contra Costa,7,2017,1583174065,1489291341,3072465406,1983442,4502469,2893862,23912480,33292253,586734291,226875928,769563846,0.04326119681043332,0.0025773586042398358,06013,"Contra Costa County, California",1123678,284003,177544,2668,93140,52576,5195,3734,504818,0.44925503569527925,0.08288851432527823,0.25274411352718484,0.16262577001596543
Del Norte,8,2021,86240534,8878055,95118589,1004,429933,28391,465791,925119,48574054,18881731,18784749,0.04924840890873761,5.3447613273938345e-5,06015,"Del Norte County, California",27655,5663,810,1683,799,1639,43,401,16617,0.600867835834388,0.028891701319833665,0.20477309708913397,0.030844331947206653
Del Norte,8,2020,72897333,8723908,81621241,774,520033,17301,444332,982440,36888218,17386039,18623076,0.05275390596054057,4.156134035000448e-5,06015,"Del Norte County, California",27692,5552,851,1867,723,1380,50,341,16928,0.6112956810631229,0.026108623429149214,0.20049111656796187,0.03253647262747364
Del Norte,8,2019,69775254,8462382,78237636,666,560022,15601,280427,856716,37233094,16229624,16312536,0.05251887260202828,4.082749610483618e-5,06015,"Del Norte County, California",27495,5429,862,1943,899,1114,44,176,17028,0.6193126022913257,0.03269685397344972,0.19745408256046554,0.03295144571740317
Del Norte,8,2018,71299268,7818820,79118088,71,472951,18421,458527,949970,39305072,16307507,15686689,0.060558987304459216,4.526130402661773e-6,06015,"Del Norte County, California",27424,5340,937,1841,758,1231,17,128,17172,0.6261668611435239,0.02764002333722287,0.19471995332555425,0.03478704784130689
Del Norte,8,2017,60739983,7798981,68538964,278,524017,19453,449365,993113,31489809,14010409,15239765,0.06516589986787855,1.8241751103117403e-5,06015,"Del Norte County, California",27442,5281,741,1965,484,1583,21,134,17233,0.6279790102762189,0.01763719845492311,0.1924422418191094,0.02776765541870126
El Dorado,9,2021,473616656,37081992,510698648,502505,699042,367917,2995926,4565390,114714534,106876582,252025540,0.018114791064429422,0.001993865383643261,06017,"El Dorado County, California",190568,25362,9145,632,1492,7913,280,381,145363,0.7627880861424793,0.007829226312917175,0.13308635237815372,0.04945741152764368
El Dorado,9,2020,417892908,44200651,462093559,429732,672286,361855,2814540,4278413,113339512,70130090,234423306,0.018250800541137324,0.0018331453784718827,06017,"El Dorado County, California",190345,24773,9023,864,1439,6579,439,309,146919,0.7718563660721321,0.007559956920328876,0.13014788935879587,0.049709737581759436
El Dorado,9,2019,401458745,45740797,447199542,382587,580321,276025,2943605,4182538,107133242,69835607,224489896,0.018631297330192535,0.0017042504220323572,06017,"El Dorado County, California",188563,24199,8487,1031,1426,5906,472,295,146747,0.7782385727846927,0.0075624592311323005,0.12833376643349967,0.04751197212602685
El Dorado,9,2018,330526534,2990074,333516608,373946,619198,207862,3265278,4466284,95159144,59937628,175429762,0.025459100833757044,0.0021315995401054015,06017,"El Dorado County, California",186661,23631,8237,939,1432,5852,396,184,145990,0.7821130284312202,0.0076716614611514996,0.12659848602546864,0.04624961829198387
El Dorado,9,2017,317643452,2954134,320597586,359591,678201,505980,3461372,5005144,85346374,58847382,173449696,0.028856458762545195,0.0020731716935381657,06017,"El Dorado County, California",185015,23279,7805,1054,1614,5579,322,209,145153,0.7845471988757668,0.0087236170040267,0.12582223062994893,0.0439261681485285
Fresno,10,2021,2032179519,289192638,2321372157,2457070,3884021,3027288,1678463,11046842,913381480,554815320,563982719,0.019587199443960267,0.004356640579974934,06019,"Fresno County, California",1003150,541344,104266,4340,42525,26229,1561,2945,279940,0.2790609579823556,0.04239146687933011,0.5396441210187908,0.1054946917210786
Fresno,10,2020,1781127000,272421000,2053548000,2987000,2148000,3300000,1541000,9976000,778589000,504736000,497802000,0.020040096263172907,0.006000377660194214,06019,"Fresno County, California",990204,528293,102986,4459,43660,23353,1305,1979,284169,0.2869802586133766,0.04409192449232684,0.5335193556075314,0.10532274157648323
Fresno,10,2019,1649011000,287285000,1936296000,3277000,3133000,3706000,5890000,16032000,804151000,372680000,472180000,0.03395315345842687,0.006940149942818417,06019,"Fresno County, California",984521,522364,99480,4651,44209,21228,1207,1732,289650,0.294203983459977,0.044904070101094845,0.5305767982602707,0.10227003791691594
Fresno,10,2018,1538936000,231977000,1770913000,3592000,2130000,4068000,12388000,22178000,681865000,408848000,448223000,0.049479834814366956,0.00801386809690712,06019,"Fresno County, California",978130,515907,97991,4458,44474,20877,1104,1864,291455,0.29797163976158586,0.045468393771789024,0.5274421600400765,0.10131066422663654
Fresno,10,2017,1458060000,225874000,1683934000,3018000,4294000,4356000,1811000,13479000,682228000,355934000,419898000,0.032100653015732394,0.007187459811668548,06019,"Fresno County, California",971616,509442,96128,4197,45217,19840,1316,1799,293677,0.3022562411487666,0.04653793268122386,0.5243244244639857,0.1002906498040378
Glenn,11,2021,104234387,8549908,112784295,273244,174626,58698,322815,829383,50098270,17054502,37081615,0.022366420664256398,0.007368718973000502,06021,"Glenn County, California",28675,12295,996,348,117,476,36,42,14365,0.5009590235396687,0.004080209241499564,0.428770706190061,0.0359895379250218
Glenn,11,2020,92307846,8679039,100986885,293949,172248,103282,246827,816306,42164205,14914130,35229511,0.02317108517345018,0.00834382855896013,06021,"Glenn County, California",28060,11828,877,359,181,505,12,0,14298,0.5095509622238061,0.006450463292943692,0.42152530292230933,0.03168210976478974
Glenn,11,2019,83806597,7870735,91677332,333277,222723,191394,378653,1126047,38454339,13681231,31671027,0.03555448328214933,0.010523087868290473,06021,"Glenn County, California",27976,11680,825,391,193,478,11,0,14398,0.5146554189305119,0.006898770374606806,0.4175007148984844,0.029882756648555903
Glenn,11,2018,78478508,6212549,84691057,394917,274918,80669,471885,1222389,35367987,14474905,28635616,0.042687714488139523,0.013791112438440297,06021,"Glenn County, California",27897,11504,820,414,223,412,17,0,14507,0.5200200738430656,0.00799369107789368,0.4123740904039861,0.030003226153349823
Glenn,11,2017,68526837,6186179,74713016,499216,338918,104248,237039,1215033,28874447,13871749,25780641,0.04712966601567432,0.019363987109552474,06021,"Glenn County, California",27935,11407,729,468,212,374,82,0,14663,0.5248970825129765,0.007589045999642026,0.4083407911222481,0.029031680687309828
Humboldt,12,2019,339527710,48908592,388436302,1448342,14449,3902895,844462,9795827,148918350,76169425,114439935,0.08559797766400339,0.012655914213862494,06023,"Humboldt County, California",135940,15722,4073,6264,1336,6858,432,177,101078,0.7435486243931146,0.00982786523466235,0.11565396498455201,0.03313962042077387
Humboldt,12,2018,321197776,46569124,367766900,1204124,12243,1262672,706356,3230846,144982564,68974785,107240427,0.03012712733790215,0.011228265624119532,06023,"Humboldt County, California",135768,15360,4049,5919,1342,7166,369,258,101305,0.7461625714454069,0.00988450886806906,0.11313417005479937,0.0325408049024807
Humboldt,12,2017,262103334,45116262,307219596,1109288,21112,905442,685115,2720957,105248119,63454391,93400824,0.02913204491643457,0.011876640403086808,06023,"Humboldt County, California",135490,14986,3886,6196,1389,6851,360,362,101460,0.7488375525869068,0.010251679090707802,0.11060594877850764,0.03133810613329397
Imperial,13,2021,457609355,62080645,519690000,1658620,706385,179734,2217514,4762253,202310659,108166073,147132623,0.03236707742238783,0.01127295881892896,06025,"Imperial County, California",180051,153218,2232,1283,4447,1113,102,146,17510,0.09725022354777257,0.02469855763089347,0.8509700029436105,0.012962993818418115
Imperial,13,2020,417446893,56788322,474235215,2044573,1120681,273372,2712039,6150665,211791517,67714084,137941292,0.044589005299442895,0.014822051978460518,06025,"Imperial County, California",180580,152880,2375,1030,4317,1322,112,151,18393,0.1018551334588548,0.023906301916048287,0.8466053826558866,0.013772289290065345
Imperial,13,2019,376686136,50879604,427565740,1967347,941864,805750,1966447,5681408,185325561,61264599,130095976,0.04367089724589176,0.015122274035593538,06025,"Imperial County, California",180701,152172,2367,1104,3882,1594,240,114,19228,0.10640782286761002,0.021483002307679536,0.8421204088521923,0.014427147608480307
Imperial,13,2018,386990515,52756696,439747211,2119590,922732,516070,1586239,5144631,190797780,68648674,127544061,0.040336107849035796,0.0166184923341903,06025,"Imperial County, California",180216,151019,2376,1076,3906,1639,307,120,19773,0.10971833799440671,0.021673991210547344,0.8379888578150664,0.01488769032716296
Imperial,13,2017,380250473,58050818,438301291,2995406,1114965,31447,1849108,5990926,178389621,69292557,132568295,0.04519124274774749,0.022595191406814125,06025,"Imperial County, California",179957,150108,2263,1087,4109,1728,152,138,20372,0.11320482115171958,0.022833232383291564,0.8341325983429375,0.013419872525103219
Inyo,14,2021,86532434,10102648,96635082,,1244899,,743677,1988576,28975357,12091497,45465580,0.04373805414997455,,06027,"Inyo County, California",18804,4452,286,1756,72,923,23,39,11253,0.5984365028717294,0.0038289725590299937,0.23675813656668793,0.01643267389917039
Inyo,14,2020,78907945,10458859,89366804,,1221176,,94502,1315678,27655879,8077149,43174917,0.0304732027626133,,06027,"Inyo County, California",17930,4115,254,1683,85,760,37,46,10950,0.6107083100948132,0.004740658114891244,0.2295036252091467,0.0162297824874512
Inyo,14,2019,74956586,9911905,84868491,,1486122,,175180,1661302,27613406,7477460,39865720,0.041672444395836825,,06027,"Inyo County, California",17977,4020,325,1828,141,421,34,35,11173,0.6215163820437225,0.007843355398564834,0.2236190688101463,0.019969961617622517
Inyo,14,2018,70031945,9596760,79628705,,1948467,,14442,1962909,24062787,7727845,38241313,0.05132953986177201,,06027,"Inyo County, California",18085,3927,289,1944,160,313,35,28,11389,0.6297484102847664,0.008847110865358032,0.21714127730163119,0.017915399502350014
Inyo,14,2017,67321591,8573801,75895392,,1610773,,30552,1641325,20250152,10506896,36564543,0.044888431943481424,,06027,"Inyo County, California",18195,3894,270,1956,172,297,34,15,11557,0.6351744984885958,0.009453146468810113,0.21401483924154988,0.01670788678208299
Kern,15,2021,1992456758,350404693,2342861451,2325120,8195218,2098038,13514597,26132973,740299498,428500256,823657004,0.03172798006098179,0.00282292263491758,06029,"Kern County, California",905644,495742,42216,3998,45929,22290,1065,2994,291410,0.3217710270260721,0.05071418791489813,0.5473916903330669,0.04779030170795589
Kern,15,2020,1732962295,335461101,2068423396,2315635,7836954,1307032,7845053,19304674,629804992,339009850,764147453,0.02526302210942526,0.0030303510021644996,06029,"Kern County, California",892458,480700,41599,4149,45312,21158,1011,2024,296505,0.3322341219418729,0.05077213717620325,0.5386247868247022,0.047744543720824956
Kern,15,2019,1585107070,325821138,1910928208,2447093,9267432,1089407,8875026,21678958,630802682,253549409,700754979,0.0309365736236888,0.0034920807890542293,06029,"Kern County, California",887641,473374,40730,4303,45761,18260,1115,873,303225,0.34160769950914843,0.05155349966934831,0.5332944287161139,0.04714180620318349
Kern,15,2018,1537874179,324489929,1862364108,2335422,9918749,1091879,8228499,21574549,604252948,272744100,660877131,0.03264532541374926,0.003533821780859898,06029,"Kern County, California",883053,465842,40273,4202,45053,18461,1153,1039,307030,0.3476914749171341,0.051019587725765043,0.5275357198265562,0.04691224649030126
Kern,15,2017,1525671175,308678329,1834349504,1669579,10189269,2408005,8303934,22570787,630648660,264666332,630356183,0.0358064021718337,0.002648627942465982,06029,"Kern County, California",878744,458907,39808,4214,45024,18128,1029,996,310638,0.35350227142375934,0.05123676520124177,0.5222305927551141,0.04647201005070874
Kings,16,2021,308309976,33722927,342032903,391432,,35636,766293,1193361,156735742,82998474,68575760,0.017402082018485834,0.005708022776561281,06031,"Kings County, California",151887,84369,5687,1228,9188,4066,256,233,46860,0.3085188330798554,0.060492339699908484,0.5554721602243773,0.03912777262043493
Kings,16,2020,270682431,32069142,302751573,445564,,68873,762690,1277127,150926429,56130975,63625027,0.02007271446816046,0.007002967558662097,06031,"Kings County, California",151090,82954,5421,1195,8878,4535,154,236,47717,0.31581838639221654,0.058759679661129126,0.5490369978158713,0.036898537295651596
Kings,16,2019,263753223,31590006,295343229,496939,,70356,641675,1208970,151070010,51185839,61497374,0.01965888819903107,0.008080653980444759,06031,"Kings County, California",150691,82116,5565,1282,8779,3932,241,239,48537,0.3220962101253559,0.05825829014340604,0.5449296905588257,0.03852917559774638
Kings,16,2018,245141535,29709928,274851463,488759,,26635,540049,1055443,138573303,49889226,56679006,0.01862140983912103,0.008623281078711931,06031,"Kings County, California",150075,81154,5737,1227,8784,3626,285,204,49058,0.32688988838913874,0.058530734632683656,0.5407562885224054,0.04012660336498417
Kings,16,2017,230909267,37704135,268613402,395146,,192135,544406,1131687,103229929,53101542,74577796,0.015174583598582076,0.005298440302526505,06031,"Kings County, California",150183,80715,5463,1200,8916,3618,332,211,49728,0.3311160384331116,0.05936757156269351,0.5374443179321228,0.03858625809845322
Lake,17,2021,198203104,11190544,209393648,240136,81872,60902,995782,1698498,85382927,30135536,82684641,0.02054188032333599,0.002904239494732764,06033,"Lake County, California",67749,15050,922,1768,1530,2211,157,166,45945,0.6781649913651862,0.0225833591639729,0.22214350027306676,0.015926434338514223
Lake,17,2020,178627675,11153547,189781222,288299,117495,116007,593994,1286317,78719308,23095055,76813312,0.016746016627951155,0.0037532426671043687,06033,"Lake County, California",64276,13667,918,2006,1509,1591,15,80,44490,0.6921712614350612,0.023476880950899247,0.2126299085195096,0.014515526790715041
Lake,17,2019,174143381,13761391,187904772,350085,143175,105443,712557,1450760,75325180,27901149,70917052,0.020457139137706967,0.0049365419194244,06033,"Lake County, California",64195,13224,684,1926,1331,1619,42,111,45258,0.7050081782070254,0.02073370200171353,0.20599735181867745,0.011309292000934652
Lake,17,2018,131576957,17295973,148872930,328989,130769,124140,668722,1252620,63998958,20099515,47478484,0.0263828979880655,0.0069292229296959015,06033,"Lake County, California",64148,12830,642,2090,1426,1365,30,142,45623,0.7112146910270001,0.02222984348693646,0.20000623558022074,0.010475774770842427
Lake,17,2017,128002469,13618837,141621306,400747,140007,178130,689373,1408257,57937884,23430763,46633822,0.03019818963155111,0.008593483931040436,06033,"Lake County, California",64095,12445,920,2045,1362,1244,32,90,45957,0.7170138076293002,0.021249707465480928,0.19416491145955223,0.014852952648412512
Lassen,18,2021,81633956,1572279,83206235,,644023,5943,34795,684761,42957239,15371170,23305547,0.029381889212898544,,06035,"Lassen County, California",32949,6494,513,750,2748,918,250,137,21139,0.6415672706303681,0.08340162068651552,0.19709247625117607,0.023157000212449545
Lassen,18,2020,79701438,1555883,81257321,,855428,2804,635423,1494090,43749329,11598746,24353363,0.06135045907212076,,06035,"Lassen County, California",30600,5893,470,785,2605,633,256,85,19873,0.6494444444444445,0.08513071895424837,0.19258169934640523,0.02372549019607843
Lassen,18,2019,71291025,1620718,72911743,1875,690283,3337,631209,1351557,39131442,9281220,22878363,0.059075773909173485,8.19551643620656e-5,06035,"Lassen County, California",30818,5844,427,844,2612,635,247,45,20164,0.6542929456810954,0.08475566227529366,0.18962943734181323,0.021870335518203648
Lassen,18,2018,67300620,1479167,68779787,892,644473,4381,582398,1239711,33510437,11711408,22078775,0.05614944669711069,4.0400792163514506e-5,06035,"Lassen County, California",31185,5834,436,847,2695,618,205,22,20528,0.6582651915985249,0.08641975308641975,0.18707712041045374,0.02055475388808722
Lassen,18,2017,63220224,1568779,64789003,995,610437,504147,27193,1142772,27655538,11796025,23768661,0.048078938901943195,4.186184488894852e-5,06035,"Lassen County, California",31470,5829,462,913,2708,511,219,16,20812,0.6613282491261518,0.08605020654591675,0.1852240228789323,0.021639656816015252
Los Angeles,19,2021,27775712316,4490050952,32265763268,12785282,65014399,17113247,102591371,197504299,8658241746,5728512922,13388957648,0.014751282675802814,9.549124238143979e-4,06037,"Los Angeles County, California",10019635,4878619,1458140,19571,766190,281399,21433,43451,2550832,0.25458332564010566,0.07646885340633666,0.4869058603432161,0.14766735514816656
Los Angeles,19,2020,25198529602,4761158528,29959688130,17468380,91185679,26416483,91997054,227067596,7364109143,4725363040,13109057419,0.017321428134939195,0.0013325427940136785,06037,"Los Angeles County, California",10040682,4851344,1467279,19915,779166,259209,21996,38493,2603280,0.25927322466740804,0.07760090400233768,0.4831687727985011,0.14832408794542043
Los Angeles,19,2019,23510573234,4649329749,28159902983,18581907,99075267,28011973,90943752,236612899,7330950931,3969856344,12209765959,0.01937898726269926,0.0015218888766907936,06037,"Los Angeles County, California",10081570,4888434,1454769,20831,790252,228504,24597,32413,2641770,0.2620395434441263,0.07838580697252512,0.48488816721998657,0.146739644718035
Los Angeles,19,2018,19568943958,5260398692,24829342650,18077437,102091891,25734959,72019552,217923839,6825461169,3847465689,8896017100,0.02449678733193982,0.002032082087611994,06037,"Los Angeles County, California",10098052,4893603,1451560,20307,795505,223280,24821,29924,2659052,0.26332326274414114,0.07877806531398333,0.48460861560229634,0.14620453529056893
Los Angeles,19,2017,18572924927,4849512244,23422437171,17372857,108442577,36815317,75364791,237995542,6550278675,3708094833,8314551419,0.02862397861370421,0.002089452109262372,06037,"Los Angeles County, California",10105722,4893579,1442577,19915,799579,219180,24950,28960,2676982,0.26489764907445507,0.07912141260169239,0.48423843442358694,0.14521743226263298
Madera,20,2021,356309827,30514480,386824307,47486,1420366,196545,1925593,4738439,123372482,83516499,149420846,0.03171203434358818,3.1780036903284565e-4,06039,"Madera County, California",156304,92400,3354,1366,4395,3566,111,457,50655,0.32407999795270753,0.028118282321629644,0.5911556965912581,0.022168338622172178
Madera,20,2020,295322295,30353645,325675940,52931,2281687,40771,1772038,5047761,114368111,53554198,127399986,0.039621362281782355,4.15471003269969e-4,06039,"Madera County, California",155925,90958,3166,1446,4768,3031,127,320,52109,0.3341927208593875,0.030578803912137246,0.58334455667789,0.021119127785794452
Madera,20,2019,274153085,31474324,305627409,66061,1975225,39724,1301050,5415877,107690554,40062098,126400433,0.04284698138652737,5.22632703323097e-4,06039,"Madera County, California",155433,89798,3020,1546,4770,2855,141,250,53053,0.34132391448405425,0.030688463839725157,0.5777280242934255,0.02033673672900864
Madera,20,2018,248250416,19414276,267664692,59949,1616148,105593,3447236,5228926,93297667,48411693,106541056,0.04907897665290646,5.626844922580831e-4,06039,"Madera County, California",155013,88806,3047,1504,4835,2711,136,443,53531,0.3453323269661254,0.031190932373413843,0.5728938863192119,0.020533761684503882
Madera,20,2017,224640303,19756036,244396339,61495,2032993,81446,2689619,4865553,89835318,47091575,87713410,0.055471027748208626,7.010900613714596e-4,06039,"Madera County, California",154440,87852,3035,1647,4753,2467,190,351,54145,0.35058922558922556,0.030775705775705774,0.56884226884226885,0.02088189588189588
Marin,21,2021,775761930,122304600,898066530,16254,2142939,907211,7134816,10201220,259325461,99008956,417427513,0.024438302896436056,3.8938497089433586e-5,06041,"Marin County, California",262387,43043,15693,274,5508,12020,423,2596,182830,0.6967951918349613,0.020991893653267882,0.16404395034814986,0.0614207258743764
Marin,21,2020,656948624,119677459,776626083,25127,3053789,1190438,3177122,7446476,208028154,80395612,368524858,0.020206170190017414,6.818264617579746e-5,06041,"Marin County, California",259441,41737,14794,246,5565,11496,361,1983,183259,0.7063609838074938,0.02144996357553355,0.1608727995960546,0.058414051749723445
Marin,21,2019,651826912,109617913,761444825,38196,3825256,1511268,4547999,9922719,203007198,66044924,382774790,0.025923125710551626,9.978713592919742e-5,06041,"Marin County, California",259943,41527,15110,438,5527,9787,249,2345,184960,0.7115406069792224,0.021262353669843005,0.159754253817183,0.05908603039897208
Marin,21,2018,578827342,20460146,599287488,29863,2275053,1579904,6079674,9964494,184478486,67437400,326911456,0.030480712184035544,9.134889417885679e-5,06041,"Marin County, California",260295,41335,14815,435,5597,9559,292,2453,185809,0.7138400660788721,0.02150252598013792,0.15880059163641252,0.05803799535142819
Marin,21,2017,539908465,14887439,554795904,33317,2033369,1416221,4943830,8426737,178659728,56789450,304459287,0.027677713769329034,1.0943006642461197e-4,06041,"Marin County, California",260814,41391,14754,391,5463,9469,301,2663,186382,0.7146165466577714,0.020945961489797327,0.15869930295152868,0.05772312835967394
Mariposa,22,2021,83427133,11502674,94929807,55356,63138,50105,221241,389840,37704048,9536932,36186153,0.010773181664268097,0.0015297564236795218,06043,"Mariposa County, California",17225,2137,178,435,142,730,50,138,13415,0.7788098693759071,0.008243831640058055,0.12406386066763425,0.013236574746008709
Mariposa,22,2020,78426533,9828790,88255323,85590,84620,68590,224521,463321,37622790,9372320,31431423,0.01474069436818053,0.002723071112625095,06043,"Mariposa County, California",17319,2041,186,373,266,619,62,106,13666,0.7890755817310469,0.01535885443732317,0.11784745077660373,0.014319533460361453
Mariposa,22,2019,73100163,9801985,82902148,98976,99408,77180,246701,522265,34020224,7714359,31365580,0.016650895663335413,0.0031555609684246234,06043,"Mariposa County, California",17420,1963,210,325,253,669,53,12,13935,0.7999425947187141,0.01452353616532721,0.1126865671641791,0.015097588978185993
Mariposa,22,2018,68380746,9493545,77874291,91039,100189,79224,179219,449671,27879248,8913696,31587802,0.014235590054667305,0.0028820935372458013,06043,"Mariposa County, California",17540,1909,243,390,166,633,54,20,14125,0.8053021664766249,0.009464082098061573,0.1088369441277081,0.016932725199543898
Mariposa,22,2017,62255665,9139856,71395521,99253,106469,85686,202274,493682,22858866,9919355,29477444,0.016747788580312457,0.0033670829804646565,06043,"Mariposa County, California",17658,1870,168,416,215,624,56,0,14309,0.810340921961717,0.01217578434703817,0.10590100804168083,0.012685468342960698
Mendocino,23,2021,300923691,22359412,323283103,368255,401669,208201,,978125,105631288,66744000,128548403,0.007609001568070822,0.0028647185916420913,06045,"Mendocino County, California",91534,24068,1969,2779,554,3476,124,490,58074,0.6344527716476938,0.006052395831057312,0.2629405466821072,0.02286582035090786
Mendocino,23,2020,289134920,23277518,312412438,502948,516746,393323,,1413017,96112988,56230094,136791838,0.010329687945270536,0.0036767398358957645,06045,"Mendocino County, California",87110,22354,1696,2896,424,3246,137,510,55847,0.6411089427161061,0.004867409023074274,0.2566180691080243,0.02104236023418666
Mendocino,23,2019,258353210,19145439,277498649,540018,616563,360660,,1517241,90945117,49067854,118340239,0.012821006724517432,0.004563266092440459,06045,"Mendocino County, California",87224,21898,1773,2938,626,2916,165,51,56857,0.6518504081445474,0.007176923782445199,0.25105475557186097,0.022218655415940567
Mendocino,23,2018,226038195,19654891,245693086,499121,819818,155666,,1474605,77891984,47823066,100323145,0.014698552362966692,0.004975133106124215,06045,"Mendocino County, California",87422,21679,1667,2839,511,3062,170,180,57314,0.6556015648234998,0.005845210587723914,0.2479810573997392,0.021013017318295166
Mendocino,23,2017,215207118,20353194,235560312,477603,625363,515675,,1618641,83474363,40310844,91421911,0.01770517573188773,0.005224163384639816,06045,"Mendocino County, California",87497,21402,1495,2853,560,3074,186,245,57682,0.6592454598443375,0.006400219436094952,0.24460267209161457,0.019212087271563597
Merced,24,2021,571745712,86867555,658613267,1927930,1890188,448632,5130398,9397148,235668945,133625286,202451481,0.04641679059882995,0.009522923667819452,06047,"Merced County, California",279150,170730,20418,893,7405,6025,749,514,72416,0.25941608454236076,0.026526956833243777,0.6116066630843633,0.07582661651441877
Merced,24,2020,551405047,75204196,626609243,2088357,2194491,170757,1676139,6129744,230412246,120088227,200904574,0.030510723961914378,0.010394770802978334,06047,"Merced County, California",273661,164836,20335,1014,7626,5203,700,360,73587,0.26889838157428353,0.027866594070766387,0.602336467381176,0.07686517260406123
Merced,24,2019,518236294,75097273,593333567,2200546,2394037,219580,1647840,6462003,222615155,110229680,185391459,0.03485599085770181,0.011869726965145681,06047,"Merced County, California",271382,161814,19650,931,7812,5305,607,226,75037,0.2764995467643396,0.028785991701734088,0.5962591476221709,0.07464385994649608
Merced,24,2018,477874025,74294240,552168265,2143850,1996748,207631,4350479,8698708,197147153,107346919,173379953,0.05017135977652503,0.012365039688296605,06047,"Merced County, California",269075,158494,19487,840,8038,5151,556,501,76008,0.28247886277060297,0.029872712069125708,0.5890327975471523,0.07448852550404163
Merced,24,2017,452216310,68747873,520964183,2000514,2338077,330469,9057080,13726140,184609560,101478884,166127866,0.08262394702644288,0.012042013469311644,06047,"Merced County, California",267390,155650,19593,797,8007,5385,380,486,77092,0.28831295112008676,0.029945024122068887,0.5821085306107184,0.07469613672912226
Modoc,25,2021,36201414,1340874,37542288,75203,93205,365,238842,407769,19279742,9128703,7792969,0.05232524343417765,0.009650108963605526,06049,"Modoc County, California",8723,1322,67,297,172,179,0,0,6686,0.7664794222171272,0.019717986931101685,0.15155336466811878,0.007680843746417517
Modoc,25,2020,37134649,1228300,38362949,60017,93362,9831,173979,337189,19181497,10341167,7611985,0.04429711829437394,0.00788453997216232,06049,"Modoc County, California",8853,1317,169,312,123,91,7,4,6830,0.7714898904326217,0.013893595391392748,0.14876313114198578,0.01988026657630182
Modoc,25,2019,33586734,1193221,34779955,36950,59494,799,187498,284741,18472296,7953690,7160748,0.03976414195835407,0.005160075455804338,06049,"Modoc County, California",8907,1291,99,372,136,77,9,3,6920,0.7769170315482204,0.01526888963736387,0.1449421803076232,0.01212529471202425
Modoc,25,2018,30038354,1211373,31249727,33888,93496,543,188845,316772,15700815,7459421,6878118,0.04605504005601532,0.00492692913962802,06049,"Modoc County, California",8938,1292,130,291,149,104,6,4,6962,0.77892145893936,0.016670396061758783,0.14455135377041844,0.01521593197583352
Modoc,25,2017,29416802,1446523,30863325,26580,79618,512,180972,287682,14023973,8714462,6678367,0.04307669824075257,0.003980014874893818,06049,"Modoc County, California",9017,1317,96,361,65,131,8,4,7035,0.7801929688366419,0.007208605966507708,0.14605744704447154,0.011533769546412333
Mono,26,2021,68688884,8149817,76838701,169789,844599,549,,1097518,22536447,9033528,37118909,0.029567625492441064,0.004574191552882118,06051,"Mono County, California",13291,3628,608,103,3,284,0,147,8518,0.6408848092694305,2.257166503649086e-4,0.2729666691746295,0.04574524114062147
Mono,26,2020,61266550,7983028,69249578,191818,615999,202,,808019,19252921,6454241,35559388,0.022723085110463656,0.0053942998119090235,06051,"Mono County, California",14395,3893,629,178,32,218,0,107,9338,0.6486974643973602,0.002222994095171935,0.2704411253907607,0.04369572768322334
Mono,26,2019,57175019,8628714,65803733,194002,720834,3004,,917840,18632856,5285025,33257138,0.027598285817619063,0.005833394322746594,06051,"Mono County, California",14310,3865,363,242,59,377,0,96,9308,0.6504542278127183,0.004122990915443746,0.2700908455625437,0.025366876310272537
Mono,26,2018,56782604,7991713,64774317,263812,999616,3349,,1275822,18298096,4702098,33782410,0.03776586691121208,0.007809152751387482,06051,"Mono County, California",14174,3866,336,342,40,276,0,80,9234,0.6514745308310992,0.002822068576266403,0.27275292789614786,0.02370537604063779
Mono,26,2017,51558614,6506644,58065258,222078,734469,2194,,958741,15289544,5173656,31095414,0.030832231402354058,0.00714182483629258,06051,"Mono County, California",14058,3815,278,314,53,310,0,0,9288,0.6606914212548015,0.003770095319391094,0.271375729122208,0.01977521695831555
Monterey,27,2021,1012049668,499015219,1511064887,968168,1251852,5869969,3926007,12015996,314621047,260415113,437013508,0.027495708439291538,0.002215418933915425,06053,"Monterey County, California",438953,261961,24534,686,10124,12478,1794,1020,126356,0.28785769774896175,0.023063972680446427,0.5967859884771263,0.059979086599248665
Monterey,27,2020,934128853,414832290,1348961143,807458,1224595,5636379,3028351,10696783,324491784,172135511,437501558,0.02444970264540178,0.001845611713227316,06053,"Monterey County, California",432977,255512,24133,657,10471,11969,1839,764,127632,0.29477778265358207,0.024183732623210934,0.5901283439997967,0.059984710504253115
Monterey,27,2019,905118012,429382213,1334500225,801856,1290740,4325010,3306431,9724037,317710287,160993947,426413778,0.022804227962821597,0.001880464566039421,06053,"Monterey County, California",433410,254294,23348,819,10737,11931,1982,561,129738,0.29934242403267114,0.024773309337578736,0.5867285018804366,0.05844350614891212
Monterey,27,2018,839703592,411415536,1251119128,861412,937566,5304157,2459726,9562861,273577005,178656878,387469709,0.024680280233209145,0.0022231724957885676,06053,"Monterey County, California",433212,252588,23647,1046,10606,11594,1963,530,131238,0.30294174676601754,0.02448223964248451,0.5830586410348744,0.059116552634737723
Monterey,27,2017,745300028,340300886,1085600914,1512866,847664,4127421,2490598,8978549,252913281,167340500,325046247,0.02762237399406122,0.004654310006538855,06053,"Monterey County, California",433168,250913,24213,1066,10621,11219,1958,578,132600,0.3061167953311417,0.024519355077014,0.5792510065378791,0.060417667048350755
Napa,28,2021,445118230,70704426,515822656,758549,811924,314213,1977285,3861971,143477080,64573501,237067649,0.016290586321206568,0.003199715369008447,06055,"Napa County, California",138795,48198,10661,327,2750,5312,296,532,70719,0.5095212363557765,0.01981339385424547,0.3472603479952448,0.07894376598580641
Napa,28,2020,404341259,58043425,462384684,877641,890874,782649,8071273,10622437,127505343,36801074,240034842,0.04425372963146742,0.0036563066956754554,06055,"Napa County, California",138572,47300,10383,467,2738,5008,253,606,71817,0.5182648731345437,0.01975868140749935,0.34133879860289235,0.07675432266258696
Napa,28,2019,389378776,52009797,441388573,1206119,1085963,863783,1607776,4763641,132043711,33892490,223442575,0.021319307656564555,0.0053978925010150815,06055,"Napa County, California",139623,47544,11196,407,2780,3676,284,526,73210,0.5243405456121126,0.019910759688589987,0.34051696353752603,0.08222141051259463
Napa,28,2018,363198227,47422596,410620823,1079998,1251930,1873352,1393270,5598550,129572297,29890592,203735338,0.027479523459008372,0.005300985143775107,06055,"Napa County, California",140530,47687,11210,326,2764,3604,264,516,74159,0.5277093858962499,0.019668398206788586,0.33933679641357717,0.08164804668042411
Napa,28,2017,322801099,47416671,370217770,992728,1474635,655516,1312584,4435463,98150682,33112257,191538160,0.02315707219908555,0.005182925428541237,06055,"Napa County, California",141005,47547,10940,395,2877,3464,279,493,75010,0.5319669515265416,0.02040353178965285,0.3372008084819687,0.07956455444842382
Nevada,29,2021,208861043,26125649,234986692,437186,592368,367811,2029354,3427369,67300799,52124618,89435626,0.03832218941476409,0.004888275730300138,06057,"Nevada County, California",102090,9992,1161,373,381,4264,148,219,85552,0.8380056812616319,0.003732001175433441,0.09787442452737781,0.012822019786462925
Nevada,29,2020,187992153,26851611,214843764,405580,276479,254593,2039320,2975972,66186341,36673749,85132063,0.03495712302895796,0.004764127470985873,06057,"Nevada County, California",99417,9480,1080,342,347,3580,150,121,84317,0.8481145075791866,0.003490348733114055,0.0953559250430007,0.012372129515072874
Nevada,29,2019,174123522,24318591,198442113,362803,136042,805961,2054056,3358862,59508259,32574637,82040626,0.04094144771640333,0.004422235881037768,06057,"Nevada County, California",99244,9373,1043,413,478,3202,124,98,84513,0.8515678529684414,0.004816412075289186,0.0944439966144049,0.011758897263310628
Nevada,29,2018,169532794,14505760,184038554,564674,31883,363174,1978696,2982266,60588268,34031180,74913346,0.03980954208079292,0.00753769561968304,06057,"Nevada County, California",99092,9281,989,570,601,2897,154,130,84470,0.8524401566221289,0.006065070843256771,0.09366043676583377,0.011534735397408468
Nevada,29,2017,153517741,10345208,163862949,477430,132095,425740,2458731,3493996,52548269,30808489,70160983,0.04979970135253094,0.006804779231784709,06057,"Nevada County, California",98838,9109,1090,670,541,2748,90,201,84389,0.8538112871567616,0.00547360326999737,0.09216090977154535,0.011938728019587608
Orange,30,2021,5063592138,795478681,5859070819,7211379,2622131,9694846,38314256,57842612,1915179642,1145120805,2003291691,0.028873784212186403,0.003599764843231709,06059,"Orange County, California",3182923,1083093,672015,4423,50161,112689,8073,9744,1242725,0.39043514404841084,0.015759413595616355,0.3402825013360361,0.21366775130909543
Orange,30,2020,4386915240,816496987,5203412227,8230532,3120458,13300273,30079385,54730648,1640711097,812310251,1933893892,0.028300750225442046,0.004255937739938836,06059,"Orange County, California",3170345,1071393,661083,5306,49452,103917,8394,8160,1262640,0.39826580387938854,0.015598302392957234,0.33794208516738716,0.21116850058905262
Orange,30,2019,4091902668,817366092,4909268760,8954854,10196123,13473349,31960251,64584577,1625103108,548161902,1918637658,0.03366168527481284,0.004667298154324041,06059,"Orange County, California",3168044,1078726,642948,6116,51269,88170,8928,6032,1285855,0.4058829359693237,0.016183171698372877,0.34050221524701046,0.2057660815316959
Orange,30,2018,3817037413,767530729,4584568142,8885687,11339644,16818967,32750688,69794986,1560713697,544584851,1711738865,0.040774318692588664,0.0051910295324164414,06059,"Orange County, California",3164182,1080195,629637,6348,50412,87132,8541,5881,1296036,0.40959590819997077,0.015932079760266636,0.3413820696786721,0.20168814562499882
Orange,30,2017,3673585673,739084578,4412670251,9128235,12716730,37897871,37147717,96890553,1469190450,535670616,1668724607,0.058062638133075724,0.005470186609407384,06059,"Orange County, California",3155816,1079172,615659,6584,49560,84456,8714,5273,1306398,0.41396519949198557,0.015704337641991802,0.34196290278013675,0.1978483536429247
Placer,31,2021,780628825,150527111,931155936,218773,2292181,1850627,6979262,11340843,227965329,152640097,400023399,0.02835044906960555,5.469005076875515e-4,06061,"Placer County, California",400330,58635,33652,1198,6197,17304,531,1413,281400,0.7029200909249869,0.015479729223390703,0.14646666500137387,0.08538705567906477
Placer,31,2020,700436819,127587727,828024546,271647,1769550,5757323,3683971,11482491,199119324,113822137,387495358,0.029632589818017897,7.010329140510633e-4,06061,"Placer County, California",391799,55932,31402,1264,6080,15650,474,731,280266,0.7153310753728315,0.015518161097909898,0.14275687278425928,0.08135804328239735
Placer,31,2019,638252668,124743704,762996372,337072,2265863,6123115,5042119,13768169,179379002,81197500,377676166,0.03645495861128817,8.924894667565546e-4,06061,"Placer County, California",385512,53969,28573,1373,6361,14174,566,391,280105,0.7265791985722883,0.016500134885554796,0.13999304820602212,0.07558519579157069
Placer,31,2018,606483163,99715409,706198572,274016,1794938,2586326,4962710,9617990,174454114,84141628,347887421,0.027646846133019567,7.876571081884562e-4,06061,"Placer County, California",380077,52498,27196,1244,5868,13912,576,403,278380,0.7324305338128853,0.015438976838903697,0.13812464316441142,0.07306940435753807
Placer,31,2017,564531982,94043630,658575612,290368,1567820,3288542,5628080,10774810,159531967,75832111,329167904,0.032733476955274475,8.821273170059739e-4,06061,"Placer County, California",374985,51131,25568,1304,5399,13957,556,316,276754,0.7380401882741976,0.014397909249703321,0.13635478752483432,0.06966678667146686
Plumas,32,2021,73797057,6884431,80681488,168,219548,4124,517860,741700,35562888,10468991,27765178,0.02671331694686056,6.0507445693306915e-6,06063,"Plumas County, California",19631,1889,126,235,299,841,27,0,16214,0.825938566552901,0.015231012174621772,0.09622535785237635,0.007793795527482043
Plumas,32,2020,62025012,5368208,67393220,530,289901,1193,602456,894080,29917946,6144606,25962460,0.03443741463636343,2.0414090190220802e-5,06063,"Plumas County, California",18844,1749,217,204,254,754,29,136,15501,0.8225960517936743,0.013479091488006793,0.09281468902568457,0.013054553173423902
Plumas,32,2019,59846481,4618105,64464586,669,307040,,465291,773000,29773099,5871545,24201837,0.03193972424489926,2.7642529779867535e-5,06063,"Plumas County, California",18660,1670,212,268,141,675,86,94,15514,0.8314040728831725,0.007556270096463023,0.0894962486602358,0.01596998928188639
Plumas,32,2018,59348466,5519234,64867700,351,327890,9830,403932,742003,28166436,7204699,23977331,0.030946021473365823,1.4638826982035658e-5,06063,"Plumas County, California",18699,1629,200,387,194,551,41,126,15571,0.8327183271832719,0.010374886357559229,0.087116958126103,0.012888389753462752
Plumas,32,2017,53386711,3073889,56460600,318,270088,406933,,677339,25451731,5515271,22419709,0.030211765906506635,1.41839485962998e-5,06063,"Plumas County, California",18724,1599,148,342,160,668,55,112,15640,0.8352916043580432,0.008545182653279214,0.08539841914120914,0.010841700491348003
Riverside,33,2021,4538598601,1379392100,5917990701,1014972,19913495,8255169,33242689,62426325,1376076616,1212027694,1950494291,0.03200538719238938,5.203665576891453e-4,06065,"Riverside County, California",2409331,1211185,158546,8563,146145,70535,6302,7083,800972,0.33244581172117904,0.060657917073245644,0.5027059378723804,0.06842065287002906
Riverside,33,2020,4037615017,1284996750,5322611767,1040807,20145001,7407098,26510932,55103838,1302860409,882295255,1852459353,0.029746314223176373,5.618514642787955e-4,06065,"Riverside County, California",2437864,1204521,159004,9079,148003,66458,6687,6265,837847,0.3436807795676871,0.06071011344357191,0.4940886776292689,0.06796564533542478
Riverside,33,2019,3582103575,1222313851,4804417426,1337899,24735712,10056633,29365138,65495382,1249774049,638224231,1694105295,0.038660750422836024,7.897378067046298e-4,06065,"Riverside County, California",2411439,1179478,152347,10362,147160,57983,6471,5936,851702,0.35319242991425454,0.061025802435807,0.48911790843558556,0.06586026020148135
Riverside,33,2018,3413665887,1045162041,4458827928,1368491,26155047,9489315,28641673,65654526,1199335859,676346897,1537983131,0.042688716590351214,8.89795845231543e-4,06065,"Riverside County, California",2383286,1154517,147706,10064,144503,58837,5846,5345,856468,0.35936433982325244,0.0606318335273232,0.4844223479683093,0.0644286921502497
Riverside,33,2017,3353348467,989915427,4343263894,1272945,25283494,14447391,30192626,71196456,1121101548,688901995,1543344924,0.04613126650617733,8.247961814659132e-4,06065,"Riverside County, California",2355002,1130033,143855,9584,140810,58644,6026,4779,861271,0.36571985926126604,0.05979188128078023,0.47984375384819206,0.06364368268052427
Sacramento,34,2021,3297164611,736788244,4033952855,5175859,7292733,10368524,19242158,46015419,1293127485,600666286,1403370840,0.03278920844614386,0.003688161997152513,06067,"Sacramento County, California",1571767,374732,261202,4057,145916,88395,17387,5925,674153,0.4289140820490569,0.09283564294198822,0.23841447237408597,0.17724573680450093
Sacramento,34,2020,3114940215,754142381,3869082596,5173194,6721579,11856371,10142032,33893176,1192546089,653951786,1268442340,0.026720312726237126,0.00407838325548168,06067,"Sacramento County, California",1537948,360204,252232,4823,142796,83950,16535,5443,671965,0.4369230949290873,0.09284839279351448,0.23421077955821654,0.1747568838478284
Sacramento,34,2019,2857556000,700927000,3558483000,5975000,8344000,12083000,15800000,42202000,1104069000,503613000,1249874000,0.03376500351235404,0.004780481872572755,06067,"Sacramento County, California",1524553,353318,235434,5554,144695,81623,17026,5074,681829,0.44723207392593106,0.09490978667189662,0.2317518643169506,0.16559607963776923
Sacramento,34,2018,2801044000,680867000,3481911000,6520000,9442000,12394000,11819000,40175000,1067425000,542710000,1190909000,0.03373473539959812,0.005474809578229739,06067,"Sacramento County, California",1510023,347025,231740,5469,144003,76865,16335,6086,682500,0.4519798705052837,0.09536477258955658,0.22981438031076348,0.16428557710710368
Sacramento,34,2017,2700777000,654513000,3355290000,6379000,9338000,12090000,11816000,39623000,1018156602,563081398,1119539000,0.03539224627279621,0.005697881002805619,06067,"Sacramento County, California",1495400,340656,225851,5695,142416,75304,15757,5580,684141,0.45749699077169986,0.09523605724220945,0.2278025946235121,0.1615674735856627
San Benito,35,2021,143644679,2227114,145871793,75008,342323,28984,417691,866290,44474754,39501602,59668323,0.01451842378744246,0.0012570824221086287,06069,"San Benito County, California",63329,38544,1775,192,555,1635,103,48,20477,0.32334317611204977,0.008763757520251386,0.6086311168658908,0.029654660582039825
San Benito,35,2020,110206511,3322984,113529495,78247,286851,14900,415671,795669,38853321,21830678,49522512,0.016066814219763328,0.001580028896757095,06069,"San Benito County, California",61547,37015,1572,199,475,1611,38,70,20567,0.3341673842754318,0.007717679172014883,0.6014103043202755,0.026158870456724128
San Benito,35,2019,104323518,1795489,106119007,148275,298951,22727,826565,1296518,45598018,17978888,40746612,0.0318190381080027,0.003638952853307166,06069,"San Benito County, California",60376,36081,1754,186,454,1061,36,101,20703,0.34290115277593747,0.007519544189744269,0.5976050086126938,0.029647542069696567
San Benito,35,2018,94391537,1433410,95824947,117892,398921,83956,713392,3814161,42257983,13946005,38187549,0.09987970162735503,0.003087184254742298,06069,"San Benito County, California",59416,35248,1705,193,434,893,79,84,20780,0.34973744445940486,0.0073044297832233745,0.5932408778780126,0.030025582334724653
San Benito,35,2017,78519373,1227983,79747356,140667,350693,,2990187,3495952,32808820,11001339,34709214,0.1007211514498715,0.004052727901012106,06069,"San Benito County, California",58671,34561,1564,178,437,879,93,87,20872,0.35574645054626647,0.0074483134768454605,0.5890644441035605,0.02824223210785567
San Bernardino,36,2021,4652148203,1254602194,5906750397,577034,6298858,2349684,5836081,15061657,1780074995,1157950921,1714122287,0.008786804252081929,3.366352589755459e-4,06071,"San Bernardino County, California",2171071,1184955,158022,6871,165480,66364,6285,6016,577078,0.26580337538477555,0.07622044603792322,0.5457928368072716,0.07568015969998218
San Bernardino,36,2020,4008145334,1331219109,5339364443,1434267,7408569,1942583,4022116,14807535,1580549285,755509907,1672086142,0.008855724970179198,8.57770998738413e-4,06071,"San Bernardino County, California",2162532,1163038,155280,7125,166814,63013,6058,4942,596262,0.2757240124076777,0.07713828049712097,0.5378130820723115,0.0746060636328156
San Bernardino,36,2019,3806622338,1316728580,5123350918,612217,8570564,3500007,4983317,17666105,1605184791,652335899,1549101648,0.011404096705215047,3.952077649587524e-4,06071,"San Bernardino County, California",2149031,1145874,150165,7783,169340,53019,6160,3624,613066,0.28527554977103636,0.07879830491044569,0.5332049654006853,0.07274208701503143
San Bernardino,36,2018,3195058306,1199501874,4394560180,19152,8313396,2190112,4168894,14691554,1418525710,634608676,1141923920,0.012865615425588072,1.6771695263201072e-5,06071,"San Bernardino County, California",2135413,1127813,145652,7409,168864,52291,6037,4085,623262,0.2918695353076899,0.07907791139231615,0.5281474824776284,0.07103497075273027
San Bernardino,36,2017,3106785567,1034534381,4141319948,20319,8301614,5163566,5744272,19229771,1402433315,631819590,1072532662,0.017929310389616832,1.894487759665076e-5,06071,"San Bernardino County, California",2121220,1108996,142802,6935,168985,50718,6057,4170,632557,0.2982043352410405,0.0796640612477725,0.5228104581325841,0.07017612506010693
San Diego,37,2021,5611341448,563664396,6175005844,1785669,15320996,1372840,33313728,51822258,1818874334,1527625929,2264841185,0.02288118846620144,7.884301167898446e-4,06073,"San Diego County, California",3296317,1131455,385244,10436,151278,138954,12533,11245,1455172,0.4414539014299899,0.04589303759316837,0.34324823735095866,0.12067316341237812
San Diego,37,2020,5148362795,565036404,5713399199,2463422,17157788,4953444,28895715,53527601,1864286200,1029353074,2254723521,0.02374020606138876,0.0010925605632159457,06073,"San Diego County, California",3323970,1126266,388801,11828,153310,131221,12508,7871,1492165,0.44891048956518864,0.04612255826616967,0.33883157790232765,0.1207318357265559
San Diego,37,2019,4657152066,527020514,5184172580,2463398,18983687,4210641,25181662,50859702,1629005371,909210813,2118935882,0.024002473332036388,0.001162563728768835,06073,"San Diego County, California",3316073,1117517,385657,12474,156084,114278,12747,6560,1510756,0.45558586918924887,0.04706892761407846,0.33700012032304477,0.12014331409471384
San Diego,37,2018,4419759670,452302341,4872062011,426808,25582713,66911,24805582,50882014,1640310744,825970088,1953478838,0.026046872384905762,2.1848611395093085e-4,06073,"San Diego County, California",3302833,1106925,382336,12282,155536,111197,12811,6366,1515380,0.4588121773035452,0.04709169370658462,0.33514410204815076,0.11963880704837332
San Diego,37,2017,3941700700,448088649,4389789349,632489,26464349,150924,29960027,57207789,1454385763,673069547,1814245390,0.03153255304675185,3.4862373275756263e-4,06073,"San Diego County, California",3283665,1095458,376669,11725,154599,108408,13122,6531,1517153,0.46203038373281075,0.047081233926116094,0.33360833093509845,0.11870607994420868
San Joaquin,39,2021,1515562319,620005913,2135568232,2390196,1188876,2343766,5692721,11615559,603255501,320487576,591819242,0.01962686944876321,0.004038726405587198,06077,"San Joaquin County, California",771406,326185,124282,1604,51696,33159,4320,1963,228197,0.2958195813877517,0.06701529415119924,0.42284477953243815,0.16671117414176193
San Joaquin,39,2020,1291412857,550311473,1841724330,2326621,1050350,1839993,3575992,8792956,550186691,213752199,527473967,0.016669933589348117,0.004410873608099791,06077,"San Joaquin County, California",751615,313385,116618,1447,50920,32117,4228,2043,230857,0.3071479414327814,0.06774745048994499,0.4169488368380088,0.160781783226785
San Joaquin,39,2019,1169304753,578689542,1747994295,2849206,1240613,3065940,2571381,9727140,512875565,167567863,488861325,0.019897544564401775,0.00582824996434316,06077,"San Joaquin County, California",742603,307463,112885,1697,50030,29008,4055,956,236509,0.31848645911745577,0.06737112562163095,0.41403414745159933,0.15747310474102583
San Joaquin,39,2018,1155144209,546641626,1701785835,2546527,367103,3027868,3291949,9233447,512373999,168077821,474692389,0.019451432578161686,0.005364583589310508,06077,"San Joaquin County, California",732212,301256,110164,1536,49926,26415,3959,1069,237887,0.32488814714864,0.06818517041512567,0.4114327544481653,0.1558605977503783
San Joaquin,39,2017,951138936,488112263,1439251199,2726493,56372,663313,5179659,8625837,396097688,143813765,411227483,0.020975828116040582,0.006630133229689806,06077,"San Joaquin County, California",724153,295606,106817,1668,48175,27062,3781,874,240170,0.33165643172092085,0.0665259965780712,0.40820931488235224,0.15272739324424534
San Luis Obispo,40,2021,674255748,127279715,801535463,1894054,2201426,383728,3662150,8141358,243005695,102495678,328754375,0.02476425750988105,0.0057613043172429265,06079,"San Luis Obispo County, California",282771,65588,9620,862,3874,11083,231,1092,190421,0.6734106397049202,0.013700131908859112,0.23194740620502102,0.03483737724165491
San Luis Obispo,40,2020,587291123,127606521,714897644,967282,2474868,818638,3692858,7953646,207713848,66305007,313272268,0.02538892462705955,0.0030876719671847877,06079,"San Luis Obispo County, California",282517,64275,9996,1166,4476,8841,258,546,192959,0.6829996071032893,0.01584329438582457,0.22750843312083874,0.036295160999161115
San Luis Obispo,40,2019,585019607,122466249,707485856,1268194,3077257,600145,4243412,9189008,210163475,58314062,316542070,0.029029341976565707,0.0040063995285050105,06079,"San Luis Obispo County, California",282165,63534,9969,1510,4909,7203,265,400,194375,0.6888699874187089,0.017397621958782982,0.2251661262027537,0.036269558591604203
San Luis Obispo,40,2018,539256313,76332107,615588420,1300385,3268341,1734449,4552697,10855872,201006625,58465781,279783907,0.03880091645156703,0.004647819147081966,06079,"San Luis Obispo County, California",281455,63002,9924,1363,4912,7178,258,244,194574,0.6913147750084383,0.017452168197402782,0.2238439537403848,0.03617629816489314
San Luis Obispo,40,2017,523534880,81071557,604606437,1250205,2760419,797007,5606027,10413658,194893797,55390724,273250359,0.03811031772514524,0.004575309633902439,06079,"San Luis Obispo County, California",280119,62174,9998,1237,4958,7008,280,109,194355,0.6938301221980658,0.017699620518422526,0.2219556688407427,0.0366915489488396
San Mateo,41,2021,1795743122,657337732,2453080854,4633382,183995,3018745,2378010,10214132,567666376,181480278,1046596468,0.00975937939052934,0.004427095009076602,06081,"San Mateo County, California",762488,183970,225352,1035,16751,33732,9134,4642,287872,0.37754299084051157,0.021968870329762566,0.24127592827690403,0.30752746272728226
San Mateo,41,2020,1731922618,654884282,2386806900,6691742,253302,2865712,2063108,11873864,428808562,154015188,1149098868,0.010333196151055647,0.005823469317002234,06081,"San Mateo County, California",765623,184490,222208,1021,16772,32504,9398,4058,295172,0.38553178261363624,0.02190634293901829,0.2409671600774794,0.3025065861396536
San Mateo,41,2019,1717193609,563595999,2280789608,7529424,225038,3626635,2012375,13393472,455706079,91130852,1170356678,0.011443923251574764,0.006433443873594918,06081,"San Mateo County, California",767423,187248,217287,1158,16718,30785,10092,3012,301123,0.39238203702521296,0.021784595979010273,0.2439958145638064,0.29628900879957987
San Mateo,41,2018,1442127677,532919542,1975047219,7781258,285823,1927407,1578765,11573253,424184947,86915623,931027107,0.012430629476827897,0.008357713692217985,06081,"San Mateo County, California",765935,189002,212474,1151,16838,30675,10272,2476,303047,0.3956562893718135,0.021983588685723983,0.24675984254538572,0.2908158002963698
San Mateo,41,2017,1331234477,400964215,1732198692,7019861,284888,1134928,1217192,9656869,477500927,100490344,753243206,0.0128203864609434,0.009319514526095838,06081,"San Mateo County, California",763450,190045,207572,985,17457,29436,10554,2650,304751,0.39917610845503965,0.022865937520466305,0.24892920296024626,0.2857109175453533
Santa Barbara,42,2021,1129924490,131115326,1261039816,154718,2239855,3220743,3852190,9467506,341946555,137849510,650128425,0.014562516628926046,2.3798067281860502e-4,06083,"Santa Barbara County, California",447651,207554,23711,1538,7850,12583,416,1396,192603,0.4302525851612082,0.017535982271903783,0.463651371269136,0.05389689735977357
Santa Barbara,42,2020,1007973372,129590634,1137564006,186939,3327190,3998300,5453605,12966034,251055204,113687755,643230413,0.02015768181657791,2.906252506440488e-4,06083,"Santa Barbara County, California",444895,203207,23789,1596,7910,11674,349,1041,195329,0.43904516796097953,0.017779476056148078,0.45675271693320896,0.054255498488407376
Santa Barbara,42,2019,987277819,118153852,1105431671,203565,2004536,1950914,4712129,8871144,273960272,123785630,589531917,0.015047775606693743,3.4529937078877444e-4,06083,"Santa Barbara County, California",444829,201837,23882,1601,8409,10117,387,603,197993,0.44509912797951573,0.01890389340623026,0.4537406509018072,0.054558043652729475
Santa Barbara,42,2018,822024578,95590532,917615110,199954,2025050,2608130,6293832,11126966,273089931,100969959,447964688,0.024838935518953227,4.463610756747862e-4,06083,"Santa Barbara County, California",443738,200060,22996,1407,7881,10952,482,604,199356,0.4492651068873975,0.01776048028341048,0.45085162866376105,0.05290959980889624
Santa Barbara,42,2017,793188941,87746751,880935692,208589,1958296,2162126,5604346,9933357,259834224,106400688,426954029,0.02326563593571335,4.885514266923571e-4,06083,"Santa Barbara County, California",442996,198556,23003,1287,7469,10928,494,536,200723,0.45310341402631177,0.016860197383272085,0.44821172200200454,0.053041110980686056
Santa Clara,43,2021,4486809275,3379617734,7866427009,273191,7496498,3591143,38936863,50297695,1640550322,758351987,2087906966,0.024090007753726706,1.3084443150423398e-4,06085,"Santa Clara County, California",1932022,485092,732915,3057,44951,76050,6035,7030,576892,0.29859494353583965,0.023266298209854753,0.2510799566464564,0.38247494076154415
Santa Clara,43,2020,4110792419,3342050084,7452842503,190662,8461566,13328129,11054908,33035265,1389844883,732514878,1988432658,0.016613720795165092,9.588557059396275e-5,06085,"Santa Clara County, California",1924379,482101,720355,3063,44917,72358,6310,5631,589644,0.30640741766564694,0.023341036251175055,0.250522895957605,0.37761012773471336
Santa Clara,43,2019,3874914515,2781982305,6656896820,473543,9767156,11135119,33927527,55303345,1319498738,569137968,1986277809,0.02784270395078456,2.3840723480589415e-4,06085,"Santa Clara County, California",1927470,490978,699290,3366,45259,68940,6229,5505,607903,0.3153890851738289,0.02348103991242406,0.2547266624123852,0.3660337125869663
Santa Clara,43,2018,3343549490,2505995830,5849545320,1091442,10164326,10335633,27531453,49122854,1189617587,547571288,1606360615,0.030580215638566312,6.794501743931265e-4,06085,"Santa Clara County, California",1922200,495455,685265,3003,45379,66212,6231,4743,615912,0.32042035168036626,0.023607845177400895,0.257754135885964,0.3597419623348247
Santa Clara,43,2017,3185934608,2439173011,5625107619,7837210,4726041,8991208,33642542,55197001,1126180938,523195639,1536558031,0.03592249683149129,0.00510049724246308,06085,"Santa Clara County, California",1911226,498253,667561,3104,45479,63790,6264,4509,622266,0.32558472938312893,0.02379572065260728,0.2606981068696219,0.3525616541424196
Santa Cruz,44,2021,719712308,117849910,837562218,29306,3021544,6086623,3801197,12938670,266238118,128297572,325176618,0.039789669009965535,9.012333106927141e-5,06087,"Santa Cruz County, California",272138,92641,12883,209,2269,9898,334,1133,152771,0.5613732738537066,0.008337681617414694,0.34041919908281826,0.04856727101691054
Santa Cruz,44,2020,602143455,107813344,709956799,34132,2961717,2588972,3138628,8723449,207152002,91914923,303076530,0.02878299088352371,1.1261842017262109e-4,06087,"Santa Cruz County, California",273170,91876,12944,305,2610,8884,295,847,155409,0.568909470293224,0.009554489878097887,0.33633268660541055,0.04846432624373101
Santa Cruz,44,2019,583713155,81557104,665270259,277515,3107519,3165818,4245152,10796004,207922309,86194267,289596579,0.037279459713507185,9.582813476536268e-4,06087,"Santa Cruz County, California",273962,91980,12504,401,2491,8890,198,601,156897,0.5726962133434564,0.009092501879822749,0.33573999313773445,0.04636409429044904
Santa Cruz,44,2018,522192854,76407598,598600452,37571,2971316,852718,6782911,10644516,196639269,72657267,252896318,0.042090434863507976,1.4856285887088322e-4,06087,"Santa Cruz County, California",273765,91676,12116,360,2359,8992,168,554,157540,0.5754570525815937,0.00861687944039596,0.3348711486128614,0.04487060069767867
Santa Cruz,44,2017,487614888,79198330,566813218,41191,2824680,2482902,3211525,8560298,187540376,72987601,227086911,0.03769613124025453,1.8138870187899117e-4,06087,"Santa Cruz County, California",273263,91096,12022,436,2204,8892,165,460,157988,0.5781536468530317,0.0080654900224326,0.3333638289852633,0.044598061208432904
Shasta,45,2021,416626663,32899783,449526446,426613,204856,1509684,2725909,4867062,183795802,109374875,123455986,0.039423458980757727,0.003455587807625626,06089,"Shasta County, California",181935,19530,5944,3456,2026,8459,199,373,141948,0.7802127133316844,0.011135845219446506,0.10734603017561217,0.03376480611207299
Shasta,45,2020,349206845,28269165,377476010,535800,258154,2001253,1584803,4380010,161190235,84902053,103114557,0.04247712570786683,0.0051961625553994285,06089,"Shasta County, California",179267,18566,5720,3613,1871,7431,233,248,141585,0.7897995727044018,0.01043694600790999,0.10356618898068244,0.033207450339437825
Shasta,45,2019,350653976,29723840,380377816,655283,283609,2115890,2899846,5954628,162149836,85949859,102554281,0.05806318314493376,0.006389621121716021,06089,"Shasta County, California",179212,17975,5745,3912,2030,6115,244,178,143013,0.7980101778898735,0.011327366470995246,0.10030020311139878,0.0334185210811776
Shasta,45,2018,332832965,31785457,364618422,665469,400993,2946302,313184,4325948,154420197,81967139,96445629,0.04485374863385463,0.006899939446711473,06089,"Shasta County, California",179085,17605,5326,4014,2140,6092,182,151,143575,0.8017142697601698,0.011949632855906413,0.0983052740318843,0.030756344752491834
Shasta,45,2017,296232093,29059083,325291176,616616,287396,2044324,2061287,5009623,137324254,72433963,86473876,0.057932212961056585,0.007130662212943941,06089,"Shasta County, California",178919,17218,5195,3917,1951,6489,124,106,143919,0.8043807533017734,0.010904375723092573,0.096233491132859,0.029728536376796205
Sierra,46,2021,26179095,1692613,27871708,34294,,46740,126748,209757,12670904,4981368,8526823,0.024599666253187148,0.004021896549277497,06091,"Sierra County, California",3079,345,0,28,2,12,0,0,2692,0.8743098408574212,6.495615459564793e-4,0.1120493666774927,0
Sierra,46,2020,24154761,1563123,25717884,,,64467,150938,215405,12858389,3773288,7523084,0.02863253952767243,,06091,"Sierra County, California",2898,293,0,25,3,16,0,0,2561,0.8837129054520358,0.0010351966873706005,0.10110420979986197,0
Sierra,46,2019,20939687,1368684,22308371,1241,,88610,84603,174454,11239262,2248274,7452151,0.02340988528010235,1.6652910012156222e-4,06091,"Sierra County, California",3040,324,0,29,2,23,0,0,2662,0.8756578947368421,6.578947368421052e-4,0.10657894736842105,0
Sierra,46,2018,22261538,1325676,23587214,1250,,65569,80207,149411,11795540,3388631,7077367,0.02111109965047736,1.766193557575861e-4,06091,"Sierra County, California",2930,324,0,25,6,8,0,0,2567,0.8761092150170648,0.0020477815699658703,0.110580204778157,0
Sierra,46,2017,18001260,1246129,19247389,1488,,73711,138492,213691,9602092,1852765,6546403,0.032642506121300506,2.2730039687443622e-4,06091,"Sierra County, California",2885,290,0,28,4,54,0,0,2509,0.8696707105719237,0.0013864818024263432,0.10051993067590988,0
Siskiyou,47,2021,116899159,8911395,125810554,250082,383851,398759,182242,1214934,53926299,28105883,34866977,0.03484483326443815,0.007172460061564844,06093,"Siskiyou County, California",44151,5870,642,1297,731,2370,151,48,33042,0.7483862200176666,0.01655681638014994,0.13295282100065683,0.017961088084075105
Siskiyou,47,2020,106023161,9345272,115368433,352103,595641,96786,174225,1218755,48604211,23561859,33857091,0.035997038257067036,0.010399682595294439,06093,"Siskiyou County, California",43516,5605,537,1488,641,2197,138,32,32878,0.7555381928486075,0.014730214174096885,0.12880319882342128,0.015511535986763489
Siskiyou,47,2019,103124115,9490617,112614732,343055,604213,47174,150061,1144503,47243298,20745176,35135641,0.032573847165617384,0.009763732501706743,06093,"Siskiyou County, California",43468,5467,696,1389,684,1976,124,51,33081,0.7610426060550289,0.015735713628416307,0.12577068188092388,0.01886445201067452
Siskiyou,47,2018,99539994,8043653,107583647,407974,782529,145587,174979,1511069,40528430,23283909,35727655,0.042294099626745726,0.011418997412508602,06093,"Siskiyou County, California",43540,5336,671,1283,619,2088,120,33,33390,0.7668810289389068,0.014216812126779972,0.12255397335783187,0.018167202572347267
Siskiyou,47,2017,87048435,9056157,96104592,362940,633772,566205,177319,1740236,39681951,14866081,32500403,0.05354505911819001,0.01116724614153246,06093,"Siskiyou County, California",43530,5218,686,1262,669,1946,127,35,33587,0.7715828164484264,0.015368711233631979,0.11987135308982311,0.018676774638180564
Solano,48,2021,841599491,54467201,896066692,1804346,1641462,1286418,469519,5201745,326999056,139240063,375360372,0.013858002570393872,0.004806969873740428,06095,"Solano County, California",451432,124118,68641,1507,59348,27296,3780,2767,163975,0.36323300076201953,0.13146609013096103,0.2749428485353276,0.16042504740470326
Solano,48,2020,724738399,51950564,776688963,2121263,1876054,1363159,437819,5798295,292835492,85599482,346303425,0.016743394900007126,0.006125446203715716,06095,"Solano County, California",444538,119294,67107,1497,59249,25494,3884,2687,165326,0.371905213952463,0.13328219409814235,0.2683550112701276,0.1596961339638006
Solano,48,2019,727505435,51479249,778984684,2378348,2127397,1780012,3435580,9721337,300353429,82580232,344571774,0.028212807123313588,0.006902329730583213,06095,"Solano County, California",441829,116869,66247,1254,59652,24201,3911,1635,168060,0.38037340237965367,0.1350115089774551,0.26451183602706024,0.1587899390940839
Solano,48,2018,715509465,46626270,762135735,2048457,1843624,1462058,3391297,8745436,288491569,105235553,321782343,0.02717811026691418,0.006365970801573783,06095,"Solano County, California",438530,114406,65994,1258,59500,23286,3928,1288,168870,0.3850819784279297,0.1356805691742868,0.26088523020089843,0.1594463320639409
Solano,48,2017,671094801,42755742,713850543,2137588,961021,2548175,3856721,9503505,257570223,101587697,311936881,0.03046611535492015,0.006852629907522862,06095,"Solano County, California",434981,112098,64546,1101,59862,23313,3698,927,169436,0.3895250597152519,0.13761980408339675,0.2577078079272428,0.15688961127037732
Sonoma,49,2021,1365785467,265178876,1630964343,781550,3374951,6804818,5539181,16500500,383255067,237132400,745398000,0.022136496207395245,0.0010485002642883399,06097,"Sonoma County, California",492498,135683,21034,1880,7190,19264,1381,2263,303803,0.616861388269597,0.014599044057031704,0.27549959593744544,0.04551287517918855
Sonoma,49,2020,1017004148,244109951,1261114099,547611,2074114,8391183,5939010,16951918,340377721,130842038,545784389,0.031059734103167983,0.0010033467630016805,06097,"Sonoma County, California",496801,134024,20733,2214,7380,17875,1481,2487,310607,0.6252141199393721,0.014855042562313682,0.2697740141424836,0.04471408068824338
Sonoma,49,2019,1019024267,247736588,1266760855,625698,2352746,7928902,5339010,16246356,343995155,129431609,545597503,0.029777181733179597,0.0011468124332673127,06097,"Sonoma County, California",499772,133569,20082,2343,7399,16635,1483,2239,316022,0.6323323435486582,0.014804750966440697,0.26725987050094846,0.04314967625237108
Sonoma,49,2018,958961983,236475956,1195437939,770278,3341064,5278892,3739010,13129244,334854176,128542530,495565277,0.026493470405110728,0.0015543421537986407,06097,"Sonoma County, California",501317,132985,19720,2068,7192,17208,1406,2501,318237,0.6348019317118709,0.014346212077388159,0.2652712754604372,0.04214100060440799
Sonoma,49,2017,874718360,195902321,1070620681,799127,3522518,4934353,3739010,12995008,327044967,95797590,451875803,0.028757919573755092,0.001768466013658182,06097,"Sonoma County, California",500943,132018,19321,2602,6972,16356,1453,2416,319805,0.6384059663474687,0.013917751121385068,0.26353896551104616,0.041469787979869964
Stanislaus,50,2021,1193745608,190081140,1383826748,443227,1865580,1482287,2858673,6649767,418965858,222851698,551928052,0.012048249723679565,8.030521340488053e-4,06099,"Stanislaus County, California",550842,264020,30953,2334,15496,15304,2974,1518,218243,0.39619891003227786,0.0281314787180353,0.4793025949364791,0.06159116407245635
Stanislaus,50,2020,1234225512,183364954,1417590466,557714,2275802,904523,2816407,6554446,460205875,213903677,560115960,0.011701944718732885,9.95711673704138e-4,06099,"Stanislaus County, California",546235,256424,31044,2241,15869,13519,3012,1164,222962,0.40817962964658067,0.029051598670901718,0.46943897772936555,0.062346792131591715
Stanislaus,50,2019,1001873246,179083967,1180957213,685723,2574078,2305482,2337754,7903037,420707413,192171703,388994130,0.020316597065359314,0.0017628106624642383,06099,"Stanislaus County, California",543194,251259,29284,2481,15311,13118,3625,747,227369,0.41857789298114484,0.02818698291954624,0.4625584965960596,0.060584247985066106
Stanislaus,50,2018,941687457,164637917,1106325374,811683,2765956,1301120,3258291,8137050,406425440,179851704,355410313,0.022894805531430935,0.002283791354135523,06099,"Stanislaus County, California",539301,245973,28599,2600,14338,13376,3711,908,229796,0.4260997105512506,0.026586266296557953,0.45609594641953194,0.059910884645123966
Stanislaus,50,2017,882680539,156474983,1039155522,828716,2424224,1424731,3403412,8081083,396009871,166568822,320101846,0.025245349569149315,0.0025889135297270357,06099,"Stanislaus County, California",535684,240816,28680,2234,13607,13795,3433,889,232230,0.4335205083594059,0.025401169346107033,0.44954861448167205,0.05994765570746933
Sutter,51,2021,233956330,11846742,245803072,312298,588167,196095,872601,1994513,109228878,42943229,81784223,0.024387503198508104,0.0038185604575591554,06101,"Sutter County, California",99080,31654,15902,819,1730,4286,358,609,43722,0.4412797739200646,0.01746063786838918,0.31947920872022606,0.16410981025433993
Sutter,51,2020,207990321,11845883,219836204,387575,462704,137666,644109,1779812,98950487,32541488,76498346,0.023266019372497282,0.005066449410553269,06101,"Sutter County, California",96315,30101,15815,867,1734,3634,362,167,43635,0.453044697087681,0.018003426257592277,0.31252660540933397,0.16795930021284328
Sutter,51,2019,226241150,9777674,236018824,449553,487702,132123,701478,1885187,96526887,29454740,100259523,0.018803071704221054,0.004483893265680109,06101,"Sutter County, California",96109,29748,14914,625,1684,4202,376,148,44412,0.4621003235909228,0.017521772154532874,0.30952356178921847,0.1590901996691257
Sutter,51,2018,184399624,8696335,193095959,425370,405064,104415,1028273,2067998,92657006,35747307,55995311,0.03693162807864394,0.007596528930788509,06101,"Sutter County, California",95872,29354,14532,676,1793,4170,367,211,44769,0.4669663718291055,0.018702019359145526,0.30617907209612816,0.15540512349799732
Sutter,51,2017,152891069,8165904,161056973,305231,345301,109594,1099427,1942384,79154901,27620502,46115666,0.04211982973421657,0.006618813658681629,06101,"Sutter County, California",95583,28910,14467,644,1768,4041,351,163,45239,0.47329546048983606,0.01849701306717722,0.3024596424050302,0.1550275676637059
Tehama,52,2021,147508393,19823035,167331428,323949,154271,46953,906956,2124464,70009880,31213257,46285256,0.045899368040656405,0.006998967446566569,06103,"Tehama County, California",65345,17182,1166,731,511,2235,47,87,43386,0.6639528655597214,0.007820032137118372,0.2629428418394674,0.01856301170709312
Tehama,52,2020,132485589,18767082,151252671,360001,194492,37814,505680,1660071,63965705,23254152,45265732,0.03667390157304868,0.007953058176547328,06103,"Tehama County, California",64176,16435,1090,688,378,2287,9,16,43273,0.6742863375716779,0.0058900523560209425,0.256092620294191,0.01712478184991274
Tehama,52,2019,122631158,18482990,141114148,290797,449264,24046,727526,1985923,58869113,18410276,45351769,0.04378931723699686,0.006412032130433545,06103,"Tehama County, California",63912,15958,967,890,472,1920,15,11,43679,0.6834240831142822,0.007385154587557892,0.24968706972086618,0.01536487670547002
Tehama,52,2018,112238454,17533170,129771624,265162,388610,20039,1249128,2342367,52069392,19184992,40984070,0.05715310851264894,0.006469879638601047,06103,"Tehama County, California",63373,15623,964,1013,420,1773,17,24,43539,0.6870275985040948,0.006627428084515488,0.24652454515329872,0.01547977845454689
Tehama,52,2017,112549581,17194651,129744232,228233,195641,16608,727468,1518388,53394147,21489516,37665918,0.04031198708604421,0.006059403623190599,06103,"Tehama County, California",63247,15316,907,951,376,1867,25,26,43779,0.6921909339573419,0.005944946005344127,0.24216168355811343,0.014735876800480656
Trinity,53,2021,69790705,11084723,80875428,29285,659307,233066,17188,938846,35646659,11927539,22216507,0.04225893836506342,0.001318164012011429,06105,"Trinity County, California",15818,1194,339,487,88,503,29,583,12595,0.7962447844228094,0.005563282336578581,0.07548362624857757,0.02326463522569225
Trinity,53,2020,62506835,12123393,74630228,29454,994720,62322,18721,1105217,30526332,12084760,19895743,0.05555042603837414,0.0014804171927632961,06105,"Trinity County, California",12541,933,244,691,65,290,35,210,10073,0.8032054860059007,0.005182999760784626,0.07439598118172394,0.02224702974244478
Trinity,53,2019,50470493,9628899,60099392,41371,149556,82370,26210,299507,22938564,10797245,16734684,0.01789738007601458,0.0024721709713789635,06105,"Trinity County, California",12700,927,210,698,127,232,28,51,10427,0.8210236220472441,0.01,0.07299212598425196,0.018740157480314962
Trinity,53,2018,53207159,8153209,61360368,28504,64815,288363,13721,395403,19908577,12859322,20439260,0.01934526983853623,0.0013945710363291038,06105,"Trinity County, California",12862,930,179,574,87,300,158,27,10607,0.8246773441144456,0.0067641113357176175,0.0723060177266366,0.02620121287513606
Trinity,53,2017,45862044,6489589,52351633,24423,84818,255961,35906,401108,18156251,9839103,17866690,0.02245004530777665,0.0013669571700186212,06105,"Trinity County, California",13037,937,141,557,104,370,118,14,10796,0.828104625297231,0.007977295390043722,0.0718723632737593,0.0198665337117435
Tulare,54,2021,1007617808,110026755,1117644563,208528,1649523,2032525,2272584,6163160,478380667,160708018,368529123,0.01672367152378348,5.658385918119149e-4,06107,"Tulare County, California",470999,309737,16364,2306,6344,7276,550,1299,127123,0.26990078535198586,0.013469243034486272,0.6576171074673195,0.035910904269435814
Tulare,54,2020,896690275,117353309,1014043584,234934,2292540,2587734,2363517,7478725,404198976,132864215,359627084,0.020795777995408153,6.532711535152341e-4,06107,"Tulare County, California",463955,301919,15857,2592,5923,6913,528,1472,128751,0.2775075168928021,0.012766324320246575,0.650750611589486,0.035315925035833216
Tulare,54,2019,895351081,111711981,1007063062,225031,1994907,2412291,2054931,6687160,403447627,137263583,354639871,0.018856199053828328,6.34533842360889e-4,06107,"Tulare County, California",461898,298245,14949,2784,5785,6793,624,1002,131716,0.2851625250596452,0.012524410151158913,0.6456945039813985,0.033715235831287424
Tulare,54,2018,816232265,91242091,907474356,83334,1987993,2772144,2245622,7089093,407920833,122786330,285525102,0.024828265362111666,2.918622545488137e-4,06107,"Tulare County, California",460477,295149,14800,2769,5870,6811,584,877,133617,0.2901708445807282,0.012747650805577694,0.6409636094745231,0.03340883475178999
Tulare,54,2017,744014636,89033090,833047726,55142,2104627,3120087,2188357,7468213,355290458,120363353,268360825,0.02782899851347528,2.0547708481668292e-4,06107,"Tulare County, California",458809,291867,14622,3029,5973,6709,526,711,135372,0.2950508817394602,0.013018489175234139,0.6361405290654717,0.033015917298919596
Tuolumne,55,2021,142744906,30726372,173471278,,348130,,1118563,1502893,46422987,33802269,62519650,0.02403873022321782,,06109,"Tuolumne County, California",55243,7132,774,597,934,1656,133,304,43713,0.7912857737631918,0.016907119454048478,0.1291023297069312,0.016418369748203394
Tuolumne,55,2020,148528111,29626276,178154387,17781,426261,,1118659,1588158,59574041,27342330,61611740,0.02577687304400103,2.885975951985774e-4,06109,"Tuolumne County, California",54147,6810,730,765,979,1476,146,102,43139,0.7967015716475521,0.018080410733743328,0.12576874065045154,0.016178181616710068
Tuolumne,55,2019,146759468,29402653,176162121,23639,457806,,1140690,1677229,58854014,26636344,61269110,0.027374789677865403,3.858224805289321e-4,06109,"Tuolumne County, California",54045,6617,732,763,948,1479,123,42,43341,0.8019428254232583,0.017540938107132944,0.12243500786381718,0.01582014987510408
Tuolumne,55,2018,123280680,29968101,153248781,58071,469974,,1141795,1684973,47336857,20278576,55665247,0.030269748017106617,0.0010432182219545347,06109,"Tuolumne County, California",53932,6527,732,747,880,1517,125,40,43364,0.8040495438700586,0.01631684343247052,0.12102276941333531,0.015890380479121856
Tuolumne,55,2017,118896347,27868977,146765324,73062,401576,,1118851,1612814,48818873,22573301,47504173,0.03395099626300199,0.0015380122499974898,06109,"Tuolumne County, California",53899,6385,593,713,924,1566,114,39,43565,0.8082710254364645,0.017143175198055624,0.11846230913375017,0.013117126477300135
Ventura,56,2021,1766811651,931123918,2697935569,973087,1323090,7655270,8473658,18425105,505915041,295578094,965318516,0.019087073017461938,0.0010080475862331848,06111,"Ventura County, California",845255,366211,59820,1600,14147,26776,1420,2171,373110,0.44141708715121475,0.01673696103542718,0.433255053208795,0.07245150871630454
Ventura,56,2020,1554264661,848305454,2402570115,940196,1441046,7419932,7334396,17135570,432187684,235033722,887043255,0.01931762617370897,0.0010599212549110696,06111,"Ventura County, California",845599,361648,59761,1847,14321,24692,1655,1704,379971,0.4493512882583825,0.016935923528764815,0.4276826249794524,0.07263017103851825
Ventura,56,2019,1481581765,856427736,2338009501,1069890,406572,7067675,9840252,18384389,412188436,164620615,904772714,0.020319345085820083,0.0011824958726595726,06111,"Ventura County, California",847263,361601,60710,2017,14297,21261,1421,1138,384818,0.4541895491718628,0.016874335359858744,0.42678719594742126,0.07333142129421442
Ventura,56,2018,1209703777,783652525,1993356302,1350179,1711761,8631601,9822539,21516080,375918293,164748678,669036806,0.032159785242069326,0.0020180937549196657,06111,"Ventura County, California",848112,360017,60242,2299,13677,21154,1406,1016,388301,0.45784165298922785,0.016126407832927726,0.42449228403795725,0.07268851283792707
Ventura,56,2017,1147733820,753036266,1900770086,1106045,1685152,9167154,9549642,21507993,357493763,159073339,631166718,0.03407656390399216,0.0017523816900624344,06111,"Ventura County, California",847834,358244,59513,2439,13416,21009,1212,873,391128,0.46132615582767383,0.015823852310711768,0.42254026141909856,0.0716236904865811
Yolo,57,2021,433653204,60402383,494055587,665068,428080,3728871,1394125,6216144,178728653,79902097,175022454,0.035516265815813554,0.0037999010115582084,06113,"Yolo County, California",216703,69578,31062,800,5053,10793,944,596,97877,0.4516642593780428,0.023317628274643176,0.32107538889632353,0.1476952326456025
Yolo,57,2020,385865314,58204314,444069628,814169,431488,2801252,763088,4809997,165963869,55171250,164730195,0.02919924304102232,0.004942439362740996,06113,"Yolo County, California",218774,69341,31237,768,5137,10490,928,615,100258,0.4582720067284047,0.023480852386481028,0.3169526543373527,0.1470238693811879
Yolo,57,2019,374391463,52980842,427372305,840493,463035,3326722,1446679,6076929,163120348,55197234,156073881,0.038936233026716366,0.005385225219074292,06113,"Yolo County, California",217352,68704,30155,663,5279,9854,883,362,101452,0.46676359085722696,0.024287791232654864,0.31609555007545365,0.142800618351798
Yolo,57,2018,342267446,46699215,388966661,1038030,655847,5082143,3825341,10601361,141666544,56535547,144065355,0.07358716465870646,0.00720527152416346,06113,"Yolo County, California",214977,67809,29360,533,5215,9609,919,258,101274,0.4710922563809152,0.024258409039106508,0.3154244407541272,0.14084762555994362
Yolo,57,2017,305046513,24808566,329855079,966973,784330,4654183,3407398,9812884,128545936,50373635,126126942,0.07780164843765101,0.007666664906535195,06113,"Yolo County, California",212605,66787,28880,548,4705,9380,848,412,101045,0.4752710425436843,0.022130241527715717,0.31413654429575977,0.13982737941252557
Yuba,58,2021,251928884,23263377,275192261,142252,341500,405149,844954,1733855,88322458,47266678,116339748,0.014903375929609199,0.0012227291398293212,06115,"Yuba County, California",80404,23697,5590,570,2721,4980,332,220,42294,0.5260186060395006,0.03384159992040197,0.2947241430774588,0.07365305208696085
Yuba,58,2020,235352370,21655365,257007735,152613,327280,17213383,714666,18407942,83383700,37103584,114865086,0.16025706888862642,0.0013286282656855366,06115,"Yuba County, California",77524,22318,5134,596,2533,4664,296,134,41849,0.5398199267323668,0.0326737526443424,0.28788504205149373,0.07004282544760332
Yuba,58,2019,200374179,22962187,223336366,149862,399561,411535,663666,1624624,89569740,28410076,82394363,0.019717659568531404,0.0018188380192950822,06115,"Yuba County, California",76360,21563,5075,594,2554,3997,296,136,42145,0.551925091671032,0.03344683080146674,0.28238606600314303,0.07033787323205867
Yuba,58,2018,181398522,20115130,201513652,155346,394885,415754,834340,1800325,77393167,29117860,74887495,0.02404039552932035,0.002074391725881604,06115,"Yuba County, California",75493,20990,4977,643,2340,4040,292,126,42085,0.5574689044017326,0.0309962513080683,0.2780390234856212,0.06979455048812473
Yuba,58,2017,154550145,17378812,171928957,149585,135971,66602,788619,1140777,70209178,28747070,55593897,0.020519824325321175,0.0026906730427622297,06115,"Yuba County, California",74644,20479,4700,721,2407,3936,257,126,42018,0.5629119554150367,0.032246396227426186,0.27435560795241415,0.06640855259632389
